{
    "providers": [
        {
            "type": "bitmap",
            "file": "minecraft:font/logo.png",
            "ascent": 0,
            "height": 23,
            "chars": [
                "\u01FE"
            ]
        },
        {
            "type": "bitmap",
            "file": "minecraft:font/player_prefix.png",
            "ascent": 7,
            "height": 7,
            "chars": [
                "\u01A6"
            ]
        },
        {
            "type": "bitmap",
            "file": "minecraft:font/admin_prefix.png",
            "ascent": 7,
            "height": 7,
            "chars": [
                "\u0104"
            ]
        }
    ]
}